Country,2021,1990,1991,1992,1993,1994,1995,1996,1997,1998,1999,2000,2001,2002,2003,2004,2005,2006,2007,2008,2009,2010,2011,2012,2013,2014,2015,2016,2017,2018,2019,2020
Afghanistan,5.0,0.27,0.276,0.284,0.294,0.289,0.307,0.316,0.32,0.321,0.329,0.331,0.333,0.358,0.371,0.388,0.396,0.406,0.421,0.427,0.436,0.443,0.45,0.461,0.469,0.474,0.474,0.477,0.478,0.479,0.484,0.479
Angola,10.0,,,,,,,,,,0.358,0.369,0.379,0.395,0.413,0.424,0.437,0.449,0.462,0.471,0.483,0.496,0.51,0.525,0.535,0.548,0.567,0.584,0.586,0.585,0.586,0.581
Albania,28.0,0.619,0.606,0.594,0.598,0.605,0.615,0.624,0.621,0.634,0.642,0.643,0.651,0.654,0.655,0.656,0.664,0.671,0.683,0.682,0.683,0.704,0.712,0.724,0.733,0.732,0.739,0.736,0.737,0.748,0.751,0.737
Andorra,,,,,,,,,,,,,,,,,,,,,,,,,,,,,,,,
United Arab Emirates,-105.0,0.359,0.463,0.476,0.435,0.407,0.413,0.431,0.441,0.457,0.485,0.431,0.467,0.498,0.471,0.472,0.51,0.485,0.47,0.479,0.421,0.494,0.505,0.515,0.517,0.5,0.477,0.462,0.465,0.524,0.519,0.518
Argentina,26.0,0.668,0.67,0.67,0.675,0.678,0.681,0.687,0.687,0.689,0.697,0.705,0.715,0.729,0.73,0.73,0.728,0.737,0.735,0.741,0.75,0.75,0.75,0.753,0.751,0.754,0.75,0.753,0.75,0.758,0.766,0.757
Armenia,33.0,,0.631,0.602,0.609,0.606,0.613,0.619,0.626,0.637,0.64,0.645,0.648,0.653,0.661,0.667,0.68,0.688,0.698,0.696,0.702,0.716,0.717,0.722,0.728,0.73,0.732,0.727,0.731,0.738,0.746,0.725
Antigua and Barbuda,,,,,,,,,,,,,,,,,,,,,,,,,,,,,,,,
Australia,-87.0,0.622,0.626,0.625,0.623,0.616,0.625,0.609,0.613,0.59,0.602,0.601,0.619,0.59,0.572,0.573,0.592,0.592,0.587,0.605,0.606,0.605,0.602,0.599,0.616,0.609,0.615,0.617,0.611,0.618,0.623,0.635
Austria,9.0,0.691,0.675,0.683,0.695,0.696,0.703,0.695,0.702,0.707,0.703,0.71,0.716,0.713,0.717,0.718,0.709,0.717,0.721,0.721,0.732,0.735,0.73,0.739,0.738,0.743,0.748,0.749,0.754,0.759,0.763,0.764
Azerbaijan,18.0,,,,,,0.562,0.563,0.567,0.573,0.585,0.589,0.599,0.605,0.612,0.616,0.629,0.641,0.661,0.658,0.671,0.677,0.673,0.674,0.674,0.679,0.689,0.689,0.69,0.699,0.702,0.674
Burundi,2.0,0.286,0.288,0.285,0.257,0.286,0.282,0.28,0.284,0.29,0.293,0.293,0.295,0.307,0.315,0.326,0.334,0.355,0.367,0.381,0.39,0.4,0.405,0.411,0.416,0.421,0.423,0.425,0.424,0.424,0.427,0.422
Belgium,-17.0,0.641,0.639,0.652,0.673,0.667,0.671,0.667,0.681,0.661,0.669,0.667,0.674,0.676,0.679,0.669,0.67,0.686,0.686,0.685,0.718,0.716,0.717,0.725,0.726,0.734,0.738,0.741,0.725,0.724,0.731,0.735
Benin,2.0,0.352,0.357,0.362,0.367,0.373,0.378,0.383,0.389,0.395,0.402,0.408,0.419,0.427,0.433,0.44,0.448,0.452,0.46,0.468,0.474,0.479,0.487,0.497,0.507,0.512,0.517,0.518,0.519,0.519,0.519,0.514
Burkina Faso,1.0,,,,,,,,,,0.288,0.292,0.295,0.299,0.304,0.314,0.325,0.333,0.329,0.343,0.354,0.366,0.377,0.387,0.394,0.4,0.41,0.418,0.429,0.442,0.445,0.442
Bangladesh,25.0,0.394,0.391,0.41,0.417,0.424,0.432,0.437,0.449,0.462,0.476,0.48,0.487,0.494,0.5,0.506,0.512,0.518,0.521,0.523,0.534,0.545,0.553,0.563,0.565,0.575,0.593,0.603,0.613,0.624,0.633,0.644
Bulgaria,12.0,0.597,0.62,0.622,0.622,0.626,0.627,0.633,0.631,0.637,0.635,0.647,0.644,0.654,0.655,0.663,0.655,0.653,0.657,0.663,0.681,0.698,0.698,0.68,0.707,0.704,0.698,0.698,0.696,0.717,0.718,0.714
Bahrain,-51.0,0.507,0.502,0.515,0.503,0.499,0.496,0.496,0.486,0.472,0.507,0.529,0.597,0.577,0.58,0.577,0.559,0.577,0.548,0.548,0.584,0.591,0.597,0.598,0.581,0.59,0.622,0.634,0.614,0.645,0.65,0.649
Bahamas,-43.0,,,,,,0.6,0.615,0.6,0.605,0.587,0.576,0.576,0.568,0.564,0.577,0.576,0.589,0.573,0.595,0.608,0.623,0.616,0.607,0.612,0.595,0.597,0.597,0.597,0.635,0.632,0.636
Bosnia and Herzegovina,6.0,,,,,,,,,,,0.626,0.63,0.624,0.625,0.632,0.637,0.642,0.646,0.648,0.653,0.656,0.657,0.667,0.675,0.68,0.681,0.681,0.683,0.686,0.687,0.691
Belarus,32.0,,,,,,0.628,0.639,0.649,0.646,0.648,0.662,0.661,0.661,0.661,0.673,0.707,0.715,0.713,0.721,0.737,0.72,0.729,0.744,0.74,0.743,0.751,0.754,0.756,0.754,0.757,0.75
Belize,9.0,0.51,0.532,0.534,0.538,0.543,0.554,0.557,0.556,0.553,0.561,0.558,0.551,0.553,0.557,0.569,0.59,0.609,0.615,0.624,0.633,0.643,0.648,0.651,0.651,0.645,0.639,0.642,0.638,0.658,0.656,0.643
Bolivia,11.0,0.527,0.538,0.545,0.553,0.561,0.57,0.581,0.59,0.601,0.6,0.603,0.604,0.601,0.598,0.596,0.604,0.606,0.613,0.618,0.622,0.627,0.63,0.634,0.64,0.64,0.644,0.653,0.66,0.666,0.668,0.648
Brazil,5.0,0.569,0.575,0.582,0.591,0.597,0.602,0.61,0.615,0.62,0.626,0.633,0.64,0.646,0.642,0.645,0.648,0.648,0.646,0.65,0.653,0.649,0.645,0.649,0.663,0.669,0.672,0.677,0.679,0.686,0.686,0.679
Barbados,,,,,,,,,,,,,,,,,,,,,,,,,,,,,,,,
Brunei Darussalam,-109.0,0.472,0.515,0.482,0.467,0.472,0.476,0.479,0.439,0.501,0.584,0.559,0.563,0.568,0.572,0.538,0.527,0.536,0.463,0.439,0.453,0.454,0.415,0.402,0.399,0.388,0.396,0.402,0.37,0.42,0.36,0.359
Bhutan,-13.0,,,,,,,,,,,,,,,,,,,,,0.509,0.521,0.524,0.528,0.527,0.527,0.529,0.534,0.553,0.557,0.555
Botswana,0.0,0.524,0.538,0.54,0.534,0.525,0.529,0.533,0.535,0.537,0.545,0.54,0.539,0.526,0.503,0.533,0.552,0.56,0.577,0.562,0.585,0.606,0.614,0.615,0.631,0.636,0.639,0.642,0.648,0.65,0.654,0.652
Central African Republic,1.0,0.332,0.329,0.314,0.315,0.317,0.32,0.316,0.319,0.321,0.326,0.325,0.328,0.329,0.329,0.333,0.339,0.342,0.348,0.354,0.36,0.368,0.377,0.384,0.364,0.366,0.38,0.387,0.394,0.402,0.408,0.404
Canada,-46.0,0.616,0.634,0.634,0.633,0.629,0.63,0.641,0.62,0.618,0.619,0.608,0.626,0.63,0.617,0.608,0.641,0.642,0.646,0.658,0.673,0.656,0.648,0.662,0.663,0.672,0.67,0.671,0.668,0.671,0.678,0.683
Switzerland,-7.0,0.682,0.665,0.675,0.69,0.687,0.682,0.696,0.689,0.666,0.679,0.683,0.684,0.689,0.693,0.706,0.695,0.697,0.707,0.714,0.728,0.728,0.725,0.738,0.742,0.759,0.771,0.766,0.779,0.793,0.793,0.791
Chile,27.0,0.672,0.681,0.686,0.677,0.681,0.684,0.686,0.693,0.696,0.704,0.705,0.714,0.718,0.722,0.727,0.731,0.729,0.73,0.739,0.749,0.743,0.74,0.752,0.762,0.772,0.773,0.772,0.775,0.775,0.778,0.772
China,-14.0,0.464,0.471,0.482,0.49,0.5,0.506,0.514,0.523,0.533,0.541,0.55,0.557,0.565,0.571,0.577,0.584,0.59,0.599,0.603,0.603,0.604,0.605,0.607,0.608,0.614,0.623,0.628,0.634,0.64,0.644,0.645
Cote d'Ivoire,5.0,0.419,0.421,0.422,0.425,0.429,0.435,0.441,0.448,0.453,0.451,0.448,0.447,0.445,0.445,0.446,0.448,0.45,0.453,0.457,0.461,0.465,0.464,0.469,0.474,0.493,0.503,0.512,0.523,0.532,0.54,0.541
Cameroon,9.0,0.447,0.445,0.441,0.435,0.433,0.432,0.43,0.431,0.432,0.433,0.438,0.456,0.457,0.464,0.47,0.471,0.473,0.484,0.492,0.501,0.508,0.516,0.528,0.537,0.545,0.554,0.558,0.565,0.57,0.576,0.571
Congo Democratic Republic,2.0,0.38,0.379,0.375,0.37,0.366,0.369,0.368,0.37,0.367,0.364,0.372,0.37,0.374,0.38,0.386,0.39,0.396,0.402,0.411,0.416,0.425,0.434,0.434,0.44,0.449,0.457,0.466,0.47,0.474,0.476,0.473
Congo Republic,9.0,0.505,0.504,0.501,0.495,0.49,0.482,0.48,0.452,0.476,0.479,0.481,0.487,0.49,0.49,0.495,0.51,0.523,0.521,0.529,0.542,0.552,0.552,0.565,0.567,0.577,0.577,0.574,0.569,0.569,0.562,0.567
Colombia,28.0,0.58,0.589,0.596,0.601,0.604,0.61,0.619,0.626,0.63,0.632,0.635,0.638,0.641,0.647,0.653,0.663,0.664,0.675,0.68,0.686,0.688,0.692,0.692,0.702,0.704,0.709,0.715,0.719,0.722,0.725,0.714
Comoros,,,,,,,,,,,,,,,,,,,,,,,,,,,,,,,,
Cabo Verde,,,,,,,,,,,,,,,,,,,,,,,,,,,,,,,,
Costa Rica,26.0,0.614,0.622,0.629,0.631,0.634,0.648,0.651,0.659,0.66,0.66,0.667,0.671,0.679,0.685,0.69,0.694,0.695,0.699,0.705,0.713,0.709,0.716,0.721,0.72,0.726,0.731,0.73,0.733,0.748,0.754,0.752
Cuba,30.0,0.622,0.617,0.617,0.613,0.61,0.614,0.621,0.625,0.635,0.641,0.653,0.661,0.666,0.675,0.689,0.706,0.723,0.735,0.738,0.74,0.736,0.733,0.728,0.727,0.729,0.726,0.728,0.735,0.74,0.743,0.737
Cyprus,-22.0,0.569,0.569,0.518,0.569,0.552,0.568,0.588,0.585,0.578,0.526,0.557,0.575,0.553,0.49,0.546,0.544,0.528,0.525,0.556,0.615,0.626,0.661,0.677,0.699,0.698,0.702,0.683,0.685,0.712,0.704,0.707
Czechia,6.0,,,,0.627,0.632,0.635,0.641,0.646,0.656,0.667,0.666,0.672,0.677,0.678,0.674,0.673,0.682,0.686,0.694,0.707,0.711,0.711,0.72,0.732,0.736,0.738,0.74,0.739,0.74,0.747,0.75
Germany,4.0,0.661,0.659,0.67,0.675,0.677,0.684,0.694,0.702,0.695,0.7,0.711,0.726,0.739,0.739,0.747,0.759,0.756,0.759,0.76,0.772,0.768,0.77,0.776,0.776,0.78,0.784,0.785,0.785,0.794,0.804,0.806
Djibouti,-7.0,,,,,,0.33,0.328,0.332,0.324,0.334,0.336,0.345,0.355,0.364,0.374,0.386,0.396,0.405,0.412,0.415,0.427,0.437,0.438,0.435,0.441,0.446,0.463,0.464,0.469,0.473,0.471
Dominica,,,,,,,,,,,,,,,,,,,,,,,,,,,,,,,,
Denmark,0.0,0.692,0.684,0.697,0.696,0.693,0.691,0.679,0.697,0.672,0.679,0.692,0.699,0.692,0.7,0.697,0.706,0.697,0.707,0.717,0.739,0.748,0.755,0.765,0.767,0.775,0.786,0.792,0.793,0.787,0.795,0.802
Dominican Republic,24.0,0.556,0.562,0.57,0.577,0.583,0.585,0.591,0.596,0.603,0.61,0.614,0.618,0.619,0.623,0.631,0.64,0.648,0.657,0.661,0.669,0.675,0.679,0.677,0.682,0.686,0.692,0.708,0.713,0.717,0.722,0.716
Algeria,16.0,0.562,0.565,0.57,0.573,0.574,0.578,0.589,0.599,0.604,0.615,0.624,0.628,0.633,0.635,0.644,0.648,0.652,0.654,0.656,0.662,0.672,0.677,0.679,0.681,0.683,0.687,0.691,0.692,0.684,0.688,0.679
Ecuador,27.0,0.623,0.625,0.629,0.632,0.639,0.639,0.642,0.649,0.651,0.656,0.66,0.662,0.664,0.669,0.674,0.678,0.683,0.683,0.687,0.687,0.691,0.697,0.71,0.706,0.709,0.719,0.722,0.72,0.722,0.721,0.695
Egypt,25.0,0.555,0.56,0.566,0.571,0.578,0.584,0.591,0.596,0.603,0.608,0.612,0.616,0.611,0.608,0.614,0.618,0.621,0.628,0.634,0.639,0.644,0.649,0.654,0.661,0.665,0.671,0.676,0.683,0.69,0.695,0.695
Eritrea,4.0,,,,,,,,,,,,,0.413,0.423,0.431,0.436,0.441,0.445,0.438,0.446,0.452,0.471,0.476,0.472,0.492,0.473,0.478,0.474,0.485,0.486,0.485
Spain,24.0,0.661,0.664,0.669,0.686,0.689,0.692,0.702,0.709,0.704,0.702,0.708,0.707,0.703,0.697,0.702,0.698,0.7,0.703,0.72,0.743,0.759,0.766,0.781,0.781,0.783,0.786,0.794,0.8,0.804,0.815,0.813
Estonia,-34.0,,0.538,0.397,0.419,0.444,0.486,0.527,0.565,0.582,0.587,0.64,0.638,0.653,0.608,0.646,0.629,0.607,0.596,0.623,0.656,0.645,0.652,0.65,0.633,0.634,0.644,0.617,0.611,0.65,0.679,0.685
Ethiopia,6.0,,,,,,,,,,,0.286,0.3,0.308,0.312,0.326,0.345,0.362,0.379,0.394,0.401,0.411,0.421,0.429,0.44,0.449,0.458,0.468,0.478,0.487,0.496,0.496
Finland,-28.0,0.646,0.651,0.658,0.666,0.661,0.669,0.667,0.68,0.667,0.654,0.667,0.665,0.655,0.644,0.642,0.656,0.633,0.631,0.634,0.669,0.667,0.676,0.688,0.697,0.699,0.716,0.707,0.716,0.715,0.726,0.729
Fiji,,,,,,,,,,,,,,,,,,,,,,,,,,,,,,,,
France,21.0,0.686,0.687,0.696,0.705,0.716,0.719,0.724,0.73,0.728,0.725,0.733,0.735,0.738,0.74,0.745,0.742,0.747,0.746,0.746,0.755,0.759,0.762,0.76,0.764,0.773,0.775,0.779,0.782,0.795,0.801,0.799
Gabon,18.0,0.551,0.563,0.558,0.564,0.576,0.581,0.582,0.587,0.587,0.588,0.581,0.594,0.598,0.6,0.604,0.613,0.613,0.618,0.618,0.623,0.602,0.604,0.616,0.621,0.631,0.638,0.642,0.651,0.663,0.668,0.67
United Kingdom,15.0,0.665,0.669,0.677,0.682,0.688,0.69,0.694,0.699,0.7,0.709,0.712,0.716,0.725,0.732,0.738,0.737,0.734,0.745,0.76,0.781,0.786,0.786,0.783,0.796,0.797,0.799,0.808,0.812,0.813,0.82,0.815
Georgia,34.0,,,,,,,,,,,0.679,0.682,0.687,0.693,0.697,0.704,0.705,0.71,0.698,0.712,0.718,0.716,0.717,0.725,0.729,0.733,0.734,0.741,0.744,0.756,0.749
Ghana,8.0,0.454,0.46,0.464,0.468,0.471,0.476,0.478,0.483,0.49,0.495,0.501,0.499,0.505,0.508,0.514,0.525,0.532,0.542,0.552,0.558,0.565,0.573,0.579,0.587,0.589,0.595,0.599,0.604,0.606,0.617,0.618
Guinea,2.0,0.264,0.269,0.277,0.284,0.29,0.297,0.304,0.315,0.324,0.332,0.338,0.345,0.354,0.362,0.369,0.379,0.386,0.394,0.4,0.402,0.407,0.412,0.416,0.42,0.426,0.431,0.438,0.447,0.452,0.456,0.455
Gambia,3.0,0.324,0.335,0.34,0.347,0.354,0.362,0.368,0.373,0.378,0.385,0.388,0.397,0.4,0.405,0.414,0.42,0.425,0.432,0.44,0.444,0.45,0.45,0.456,0.461,0.463,0.467,0.473,0.477,0.486,0.493,0.491
Guinea-Bissau,,,,,,,,,,,,,,,,,,,,,,,,,,,,,,,,
Equatorial Guinea,-14.0,,,,,,,,,,,0.485,0.47,0.434,0.428,0.426,0.431,0.451,0.467,0.465,0.468,0.466,0.462,0.467,0.465,0.475,0.489,0.497,0.5,0.525,0.527,0.523
Greece,22.0,0.654,0.662,0.665,0.662,0.666,0.662,0.66,0.668,0.665,0.665,0.673,0.668,0.669,0.671,0.671,0.704,0.707,0.692,0.68,0.702,0.736,0.738,0.731,0.744,0.755,0.762,0.766,0.769,0.78,0.786,0.791
Grenada,,,,,,,,,,,,,,,,,,,,,,,,,,,,,,,,
Guatemala,7.0,0.476,0.48,0.483,0.488,0.491,0.498,0.506,0.514,0.523,0.531,0.539,0.544,0.547,0.551,0.555,0.558,0.566,0.574,0.58,0.585,0.589,0.595,0.599,0.601,0.616,0.619,0.619,0.621,0.614,0.615,0.609
Guyana,,,,,,,,,,,,,,,,,,,,,,,,,,,,,,,,
Hong Kong,,,,,,,,,,,,,,,,,,,,,,,,,,,,,,,,
Honduras,7.0,0.505,0.507,0.511,0.517,0.52,0.526,0.528,0.533,0.516,0.539,0.544,0.546,0.549,0.551,0.556,0.562,0.565,0.569,0.574,0.578,0.582,0.584,0.583,0.587,0.59,0.596,0.602,0.6,0.595,0.609,0.599
Croatia,23.0,,,,,,0.659,0.669,0.664,0.668,0.674,0.69,0.691,0.691,0.68,0.694,0.69,0.691,0.691,0.694,0.707,0.721,0.717,0.739,0.748,0.756,0.755,0.755,0.759,0.763,0.766,0.761
Haiti,5.0,0.42,0.424,0.427,0.43,0.429,0.439,0.444,0.449,0.454,0.459,0.463,0.465,0.468,0.474,0.472,0.483,0.487,0.492,0.496,0.501,0.427,0.505,0.51,0.514,0.517,0.522,0.525,0.531,0.534,0.536,0.533
Hungary,23.0,0.64,0.633,0.642,0.646,0.651,0.66,0.664,0.667,0.672,0.676,0.689,0.695,0.702,0.706,0.7,0.691,0.71,0.721,0.724,0.737,0.746,0.75,0.756,0.761,0.753,0.756,0.759,0.759,0.759,0.761,0.758
Indonesia,21.0,0.515,0.52,0.527,0.534,0.543,0.553,0.561,0.572,0.572,0.576,0.58,0.587,0.595,0.603,0.6,0.612,0.618,0.62,0.623,0.634,0.639,0.643,0.647,0.653,0.656,0.663,0.667,0.672,0.676,0.681,0.676
India,6.0,0.426,0.428,0.433,0.437,0.443,0.449,0.456,0.461,0.468,0.475,0.48,0.485,0.492,0.504,0.513,0.522,0.53,0.538,0.544,0.549,0.557,0.569,0.578,0.587,0.598,0.607,0.616,0.621,0.621,0.62,0.618
Ireland,-58.0,0.612,0.569,0.574,0.589,0.59,0.587,0.576,0.582,0.643,0.571,0.578,0.564,0.567,0.585,0.591,0.58,0.551,0.585,0.631,0.676,0.735,0.745,0.742,0.747,0.749,0.749,0.732,0.742,0.719,0.674,0.68
Iran,-4.0,0.564,0.58,0.587,0.594,0.599,0.603,0.61,0.618,0.621,0.624,0.632,0.636,0.644,0.642,0.645,0.651,0.652,0.653,0.656,0.654,0.66,0.666,0.673,0.681,0.684,0.691,0.7,0.698,0.692,0.685,0.679
Iraq,0.0,0.507,0.476,0.494,0.518,0.515,0.506,0.524,0.527,0.532,0.54,0.543,0.547,0.563,0.549,0.558,0.567,0.572,0.581,0.591,0.59,0.601,0.609,0.618,0.621,0.627,0.634,0.63,0.634,0.63,0.629,0.616
Iceland,-91.0,0.499,0.543,0.495,0.486,0.524,0.526,0.54,0.543,0.519,0.53,0.576,0.6,0.627,0.621,0.591,0.51,0.464,0.479,0.517,0.591,0.596,0.586,0.544,0.542,0.547,0.542,0.507,0.485,0.58,0.62,0.632
Israel,-8.0,0.638,0.631,0.631,0.632,0.666,0.666,0.655,0.659,0.66,0.668,0.653,0.671,0.673,0.691,0.705,0.717,0.717,0.729,0.729,0.747,0.739,0.732,0.729,0.743,0.747,0.736,0.75,0.747,0.743,0.74,0.742
Italy,25.0,0.665,0.664,0.669,0.684,0.689,0.69,0.696,0.701,0.696,0.696,0.704,0.711,0.71,0.713,0.719,0.719,0.72,0.728,0.746,0.764,0.765,0.771,0.781,0.786,0.791,0.79,0.793,0.794,0.804,0.811,0.807
Jamaica,14.0,0.614,0.62,0.622,0.626,0.624,0.623,0.62,0.619,0.619,0.62,0.613,0.621,0.622,0.615,0.632,0.636,0.637,0.642,0.642,0.657,0.662,0.663,0.664,0.666,0.669,0.668,0.667,0.669,0.67,0.671,0.667
Jordan,20.0,0.58,0.588,0.588,0.593,0.595,0.606,0.61,0.611,0.627,0.631,0.635,0.641,0.635,0.64,0.646,0.66,0.666,0.671,0.674,0.673,0.674,0.671,0.673,0.674,0.676,0.676,0.68,0.676,0.684,0.69,0.686
Japan,8.0,0.7,0.698,0.702,0.705,0.703,0.702,0.711,0.716,0.724,0.722,0.723,0.722,0.727,0.728,0.731,0.729,0.732,0.739,0.742,0.761,0.754,0.743,0.743,0.746,0.753,0.767,0.775,0.776,0.781,0.787,0.79
Kazakhstan,-52.0,,0.517,0.534,0.553,0.556,0.559,0.563,0.571,0.577,0.6,0.597,0.605,0.61,0.599,0.592,0.568,0.556,0.545,0.571,0.565,0.576,0.589,0.582,0.564,0.559,0.543,0.568,0.581,0.587,0.593,0.592
Kenya,7.0,0.465,0.466,0.465,0.464,0.466,0.467,0.47,0.47,0.47,0.472,0.472,0.476,0.477,0.487,0.5,0.507,0.516,0.522,0.527,0.527,0.533,0.538,0.539,0.541,0.545,0.546,0.554,0.557,0.563,0.567,0.564
Kyrgyzstan,18.0,,0.607,0.59,0.582,0.572,0.57,0.577,0.585,0.588,0.597,0.602,0.611,0.607,0.609,0.61,0.62,0.626,0.628,0.628,0.635,0.638,0.635,0.64,0.647,0.649,0.653,0.657,0.659,0.659,0.664,0.655
Cambodia,5.0,0.372,0.377,0.381,0.384,0.386,0.391,0.393,0.397,0.4,0.409,0.418,0.434,0.454,0.467,0.479,0.491,0.501,0.512,0.517,0.521,0.522,0.534,0.541,0.547,0.555,0.559,0.564,0.568,0.573,0.578,0.576
Kiribati,,,,,,,,,,,,,,,,,,,,,,,,,,,,,,,,
Saint Kitts and Nevis,,,,,,,,,,,,,,,,,,,,,,,,,,,,,,,,
South Korea,-4.0,0.662,0.66,0.66,0.667,0.664,0.661,0.666,0.673,0.704,0.694,0.692,0.698,0.704,0.7,0.702,0.705,0.705,0.701,0.711,0.727,0.724,0.72,0.724,0.729,0.733,0.735,0.737,0.734,0.739,0.743,0.749
Kuwait,-100.0,0.487,0.507,0.457,0.31,0.285,0.224,0.216,0.24,0.304,0.394,0.378,0.403,0.399,0.352,0.277,0.309,0.308,0.318,0.338,0.385,0.432,0.454,0.437,0.48,0.503,0.472,0.458,0.483,0.457,0.444,0.448
Lao,-3.0,0.396,0.404,0.408,0.415,0.422,0.424,0.437,0.444,0.45,0.457,0.459,0.465,0.473,0.482,0.488,0.498,0.499,0.511,0.517,0.527,0.532,0.547,0.552,0.561,0.569,0.569,0.57,0.571,0.568,0.562,0.56
Lebanon,2.0,,,,,,,,,,,,,,,,0.668,0.663,0.685,0.678,0.672,0.675,0.675,0.67,0.671,0.67,0.671,0.671,0.677,0.683,0.681,0.664
Liberia,3.0,,,,,,,,,,0.39,0.431,0.437,0.441,0.416,0.418,0.426,0.433,0.441,0.445,0.448,0.452,0.456,0.462,0.467,0.464,0.464,0.469,0.472,0.476,0.477,0.473
Libya,-12.0,0.598,0.593,0.61,0.604,0.609,0.621,0.627,0.636,0.637,0.645,0.647,0.655,0.654,0.66,0.666,0.664,0.673,0.677,0.666,0.656,0.658,0.623,0.631,0.627,0.595,0.625,0.626,0.634,0.628,0.626,0.613
Saint Lucia,,,,,,,,,,,,,,,,,,,,,,,,,,,,,,,,
Liechtenstein,,,,,,,,,,,,,,,,,,,,,,,,,,,,,,,,
Sri Lanka,46.0,0.63,0.634,0.641,0.649,0.653,0.656,0.661,0.667,0.672,0.68,0.676,0.678,0.681,0.685,0.67,0.696,0.698,0.701,0.702,0.697,0.719,0.719,0.727,0.74,0.735,0.737,0.745,0.739,0.755,0.756,0.759
Lesotho,,,,,,,,,,,,,,,,,,,,,,,,,,,,,,,,
Lithuania,-34.0,,0.644,0.619,0.545,0.593,0.607,0.624,0.633,0.624,0.635,0.655,0.662,0.646,0.66,0.666,0.683,0.685,0.658,0.631,0.692,0.683,0.674,0.669,0.67,0.667,0.685,0.685,0.683,0.691,0.686,0.682
Luxembourg,-73.0,0.474,0.467,0.467,0.484,0.5,0.551,0.567,0.572,0.568,0.518,0.543,0.548,0.537,0.497,0.438,0.394,0.438,0.45,0.532,0.585,0.566,0.556,0.539,0.527,0.559,0.586,0.618,0.615,0.635,0.624,0.641
Latvia,-8.0,,0.635,0.563,0.593,0.606,0.624,0.639,0.649,0.642,0.659,0.67,0.684,0.685,0.691,0.694,0.685,0.682,0.661,0.681,0.71,0.705,0.704,0.689,0.704,0.694,0.71,0.708,0.711,0.713,0.72,0.722
Morocco,22.0,0.436,0.442,0.445,0.452,0.462,0.465,0.476,0.48,0.486,0.496,0.507,0.516,0.526,0.535,0.542,0.544,0.549,0.556,0.562,0.566,0.574,0.584,0.593,0.604,0.614,0.625,0.633,0.64,0.646,0.651,0.648
Monaco,,,,,,,,,,,,,,,,,,,,,,,,,,,,,,,,
Moldova,44.0,,0.528,0.558,0.567,0.557,0.562,0.565,0.566,0.596,0.611,0.619,0.626,0.61,0.61,0.624,0.672,0.681,0.689,0.695,0.698,0.706,0.711,0.72,0.725,0.728,0.729,0.736,0.743,0.748,0.755,0.747
Madagascar,5.0,,,,,,,,,,0.431,0.438,0.447,0.443,0.452,0.46,0.464,0.47,0.477,0.484,0.488,0.487,0.489,0.491,0.494,0.497,0.499,0.5,0.502,0.503,0.506,0.497
Maldives,,,,,,,,,,,,,,,,,,,,,,,,,,,,,,,,
Mexico,21.0,0.618,0.618,0.618,0.621,0.622,0.631,0.635,0.639,0.642,0.648,0.653,0.655,0.662,0.668,0.671,0.672,0.678,0.679,0.681,0.687,0.687,0.69,0.699,0.701,0.706,0.711,0.715,0.718,0.717,0.72,0.703
Marshall Islands,,,,,,,,,,,,,,,,,,,,,,,,,,,,,,,,
North Macedonia,15.0,,,,,,0.572,0.579,0.59,0.576,0.587,0.59,0.595,0.593,0.594,0.595,0.604,0.63,0.633,0.647,0.659,0.67,0.662,0.667,0.677,0.682,0.691,0.688,0.701,0.713,0.717,0.71
Mali,0.0,0.234,0.242,0.246,0.254,0.261,0.267,0.273,0.286,0.295,0.307,0.313,0.325,0.334,0.344,0.351,0.36,0.369,0.375,0.384,0.39,0.397,0.402,0.4,0.401,0.408,0.41,0.413,0.418,0.42,0.423,0.417
Malta,-22.0,0.505,0.538,0.53,0.535,0.53,0.549,0.552,0.549,0.544,0.559,0.558,0.548,0.541,0.566,0.605,0.61,0.628,0.637,0.649,0.643,0.621,0.604,0.632,0.651,0.67,0.671,0.671,0.681,0.722,0.717,0.715
Myanmar,11.0,0.329,0.339,0.352,0.36,0.365,0.37,0.377,0.381,0.389,0.398,0.407,0.417,0.427,0.436,0.446,0.456,0.466,0.475,0.46,0.495,0.504,0.514,0.524,0.536,0.544,0.554,0.564,0.572,0.582,0.589,0.591
Montenegro,,,,,,,,,,,,,,,,,,,,,,,,,,,,,,,,
Mongolia,-35.0,0.521,0.487,0.486,0.49,0.502,0.499,0.5,0.516,0.523,0.533,0.547,0.554,0.563,0.584,0.588,0.61,0.627,0.627,0.632,0.633,0.642,0.631,0.61,0.6,0.626,0.641,0.646,0.632,0.623,0.56,0.562
Mozambique,1.0,0.235,0.237,0.232,0.236,0.24,0.245,0.256,0.269,0.28,0.293,0.3,0.312,0.32,0.333,0.342,0.353,0.36,0.373,0.382,0.39,0.396,0.401,0.406,0.421,0.425,0.432,0.435,0.437,0.446,0.451,0.448
Mauritania,3.0,0.382,0.388,0.396,0.407,0.42,0.428,0.434,0.437,0.446,0.451,0.451,0.452,0.455,0.46,0.471,0.475,0.487,0.486,0.486,0.495,0.497,0.503,0.509,0.518,0.524,0.53,0.528,0.532,0.535,0.539,0.533
Mauritius,,,,,,,,,,,,,,,,,,,,,,,,,,,,,,,,
Malawi,3.0,0.3,0.306,0.316,0.323,0.323,0.364,0.364,0.366,0.366,0.372,0.37,0.376,0.382,0.389,0.396,0.402,0.411,0.42,0.429,0.441,0.452,0.459,0.465,0.473,0.483,0.487,0.494,0.501,0.506,0.515,0.512
Malaysia,-10.0,0.597,0.598,0.602,0.601,0.606,0.605,0.612,0.621,0.641,0.647,0.644,0.647,0.651,0.653,0.653,0.651,0.653,0.659,0.665,0.671,0.67,0.665,0.666,0.669,0.677,0.683,0.686,0.683,0.684,0.685,0.683
Namibia,2.0,,0.55,0.553,0.553,0.554,0.549,0.537,0.528,0.524,0.513,0.512,0.507,0.507,0.504,0.507,0.512,0.517,0.527,0.531,0.532,0.537,0.544,0.548,0.561,0.572,0.576,0.585,0.583,0.592,0.596,0.591
Niger,1.0,0.211,0.213,0.217,0.222,0.227,0.233,0.239,0.244,0.251,0.254,0.258,0.263,0.269,0.272,0.283,0.292,0.299,0.304,0.313,0.32,0.33,0.338,0.346,0.354,0.362,0.368,0.375,0.381,0.391,0.398,0.393
Nigeria,3.0,,,,,,,,,,,,,,0.442,0.454,0.46,0.468,0.471,0.474,0.476,0.472,0.482,0.49,0.495,0.5,0.505,0.509,0.516,0.52,0.526,0.524
Nicaragua,19.0,0.478,0.488,0.491,0.496,0.5,0.508,0.517,0.526,0.53,0.544,0.551,0.555,0.556,0.558,0.563,0.569,0.574,0.579,0.584,0.587,0.596,0.601,0.607,0.611,0.62,0.625,0.631,0.637,0.641,0.643,0.634
Netherlands,-18.0,0.677,0.678,0.675,0.681,0.686,0.68,0.681,0.684,0.676,0.673,0.679,0.675,0.681,0.679,0.675,0.659,0.662,0.656,0.671,0.695,0.699,0.718,0.733,0.734,0.735,0.73,0.734,0.733,0.731,0.74,0.743
Norway,-34.0,0.672,0.686,0.69,0.688,0.695,0.685,0.686,0.683,0.662,0.657,0.676,0.664,0.667,0.669,0.668,0.712,0.706,0.691,0.683,0.7,0.7,0.687,0.69,0.693,0.707,0.732,0.726,0.728,0.739,0.732,0.733
Nepal,7.0,0.396,0.405,0.413,0.418,0.425,0.43,0.439,0.446,0.452,0.458,0.464,0.466,0.472,0.477,0.484,0.49,0.5,0.504,0.512,0.524,0.536,0.546,0.552,0.561,0.566,0.569,0.573,0.58,0.584,0.592,0.586
Nauru,,,,,,,,,,,,,,,,,,,,,,,,,,,,,,,,
New Zealand,-6.0,0.667,0.672,0.673,0.685,0.695,0.693,0.693,0.695,0.718,0.709,0.715,0.718,0.712,0.711,0.703,0.708,0.714,0.714,0.721,0.745,0.738,0.741,0.741,0.738,0.727,0.737,0.742,0.741,0.751,0.75,0.755
Oman,1.0,,,,,,,,,,,0.604,0.617,0.595,0.594,0.602,0.624,0.607,0.598,0.606,0.635,0.628,0.623,0.611,0.62,0.649,0.65,0.688,0.668,0.677,0.73,0.719
Pakistan,5.0,0.393,0.397,0.402,0.403,0.407,0.41,0.415,0.417,0.422,0.427,0.434,0.441,0.446,0.454,0.466,0.475,0.483,0.488,0.487,0.492,0.495,0.498,0.503,0.508,0.516,0.523,0.529,0.529,0.532,0.533,0.53
Panama,24.0,0.641,0.64,0.642,0.649,0.649,0.651,0.655,0.658,0.663,0.672,0.673,0.683,0.686,0.688,0.694,0.699,0.704,0.706,0.701,0.705,0.706,0.713,0.711,0.716,0.722,0.733,0.75,0.753,0.744,0.749,0.736
Peru,31.0,0.603,0.607,0.607,0.61,0.618,0.623,0.628,0.632,0.641,0.65,0.653,0.66,0.662,0.662,0.666,0.658,0.664,0.669,0.674,0.679,0.688,0.694,0.702,0.71,0.713,0.716,0.722,0.727,0.733,0.736,0.721
Philippines,20.0,0.585,0.586,0.59,0.592,0.595,0.597,0.605,0.609,0.615,0.618,0.618,0.622,0.629,0.632,0.638,0.64,0.642,0.646,0.648,0.648,0.655,0.658,0.663,0.669,0.666,0.667,0.667,0.67,0.675,0.682,0.675
Palau,,,,,,,,,,,,,,,,,,,,,,,,,,,,,,,,
Papua New Guinea,4.0,0.361,0.37,0.381,0.395,0.408,0.413,0.418,0.42,0.426,0.437,0.44,0.443,0.447,0.451,0.452,0.458,0.46,0.468,0.474,0.478,0.486,0.489,0.497,0.503,0.519,0.529,0.534,0.539,0.536,0.543,0.543
Poland,12.0,0.619,0.612,0.624,0.634,0.645,0.648,0.65,0.658,0.67,0.675,0.684,0.695,0.704,0.706,0.702,0.711,0.709,0.705,0.706,0.717,0.719,0.715,0.728,0.743,0.745,0.745,0.745,0.745,0.748,0.754,0.753
North Korea,,,,,,,,,,,,,,,,,,,,,,,,,,,,,,,,
Portugal,27.0,0.633,0.639,0.65,0.663,0.667,0.673,0.676,0.68,0.678,0.66,0.659,0.663,0.665,0.68,0.683,0.678,0.691,0.698,0.716,0.723,0.727,0.739,0.753,0.767,0.769,0.766,0.769,0.77,0.779,0.788,0.789
Paraguay,5.0,0.552,0.557,0.55,0.547,0.55,0.556,0.552,0.552,0.56,0.573,0.576,0.583,0.59,0.577,0.587,0.606,0.6,0.605,0.615,0.611,0.634,0.635,0.646,0.654,0.653,0.656,0.655,0.654,0.659,0.661,0.66
Qatar,-96.0,0.529,0.464,0.348,0.327,0.349,0.329,0.343,0.299,0.359,0.392,0.36,0.269,0.298,0.315,0.343,0.322,0.21,0.254,0.32,0.397,0.43,0.422,0.401,0.459,0.432,0.442,0.441,0.445,0.481,0.47,0.49
Romania,15.0,0.626,0.624,0.618,0.621,0.624,0.626,0.631,0.637,0.644,0.659,0.666,0.666,0.676,0.675,0.678,0.691,0.699,0.709,0.717,0.738,0.735,0.725,0.727,0.736,0.737,0.732,0.735,0.741,0.744,0.746,0.74
Russian Federation,7.0,,0.605,0.617,0.611,0.617,0.619,0.631,0.64,0.65,0.652,0.66,0.664,0.67,0.675,0.678,0.679,0.684,0.692,0.691,0.698,0.701,0.702,0.705,0.711,0.713,0.724,0.726,0.727,0.734,0.737,0.728
Rwanda,8.0,,,,,,0.283,0.293,0.298,0.306,0.32,0.336,0.346,0.365,0.381,0.402,0.418,0.438,0.452,0.462,0.475,0.483,0.492,0.5,0.502,0.508,0.51,0.518,0.52,0.523,0.529,0.527
Saudi Arabia,-57.0,0.55,0.532,0.527,0.522,0.538,0.575,0.582,0.601,0.609,0.611,0.595,0.596,0.595,0.603,0.596,0.612,0.597,0.605,0.606,0.601,0.595,0.626,0.608,0.617,0.595,0.571,0.609,0.612,0.633,0.636,0.635
Sudan,-1.0,,,,,,,,,,,,,,,,,,,,,,0.481,0.467,0.468,0.474,0.484,0.481,0.49,0.485,0.485,0.482
Senegal,3.0,0.365,0.366,0.367,0.366,0.366,0.367,0.368,0.37,0.372,0.375,0.381,0.386,0.389,0.396,0.403,0.409,0.418,0.428,0.439,0.448,0.457,0.471,0.479,0.483,0.49,0.492,0.494,0.496,0.5,0.501,0.501
Singapore,-61.0,0.532,0.524,0.506,0.483,0.466,0.478,0.478,0.438,0.507,0.535,0.511,0.514,0.545,0.598,0.617,0.582,0.6,0.564,0.541,0.549,0.621,0.649,0.624,0.578,0.631,0.619,0.64,0.647,0.678,0.668,0.665
Solomon Islands,,,,,,,,,,,,,,,,,,,,,,,,,,,,,,,,
Sierra Leone,3.0,0.308,0.302,0.302,0.309,0.309,0.311,0.308,0.304,0.302,0.298,0.315,0.328,0.343,0.353,0.36,0.369,0.379,0.393,0.405,0.416,0.423,0.428,0.442,0.453,0.455,0.448,0.451,0.459,0.465,0.475,0.47
El Salvador,24.0,0.511,0.52,0.531,0.539,0.549,0.558,0.565,0.574,0.58,0.583,0.591,0.592,0.598,0.602,0.609,0.613,0.616,0.618,0.624,0.626,0.631,0.632,0.634,0.637,0.636,0.636,0.641,0.645,0.656,0.659,0.649
San Marino,,,,,,,,,,,,,,,,,,,,,,,,,,,,,,,,
Somalia,,,,,,,,,,,,,,,,,,,,,,,,,,,,,,,,
Serbia,11.0,,,,,,0.645,0.646,0.65,0.648,0.648,0.653,0.657,0.656,0.66,0.661,0.678,0.658,0.672,0.677,0.69,0.683,0.685,0.694,0.699,0.706,0.71,0.712,0.71,0.721,0.719,0.717
South Sudan,1.0,,,,,,,,,,,,,,,,,,,,,0.429,0.431,0.387,0.4,0.399,0.399,0.392,0.385,0.386,0.384,0.377
Sao Tome and Principe,,,,,,,,,,,,,,,,,,,,,,,,,,,,,,,,
Suriname,,,,,,,,,,,,,,,,,,,,,,,,,,,,,,,,
Slovakia,8.0,,0.598,0.599,0.584,0.603,0.606,0.611,0.618,0.634,0.647,0.677,0.681,0.69,0.695,0.696,0.699,0.705,0.707,0.708,0.718,0.72,0.723,0.725,0.728,0.728,0.726,0.724,0.728,0.742,0.746,0.746
Slovenia,8.0,,,,,,0.647,0.653,0.66,0.643,0.657,0.657,0.666,0.677,0.672,0.676,0.695,0.693,0.698,0.69,0.712,0.72,0.719,0.728,0.742,0.75,0.754,0.75,0.754,0.765,0.767,0.765
Sweden,1.0,0.707,0.709,0.715,0.738,0.743,0.749,0.745,0.757,0.756,0.762,0.761,0.764,0.763,0.767,0.758,0.731,0.733,0.732,0.738,0.771,0.754,0.753,0.755,0.779,0.777,0.78,0.78,0.783,0.793,0.801,0.799
Eswatini,,,,,,,,,,,,,,,,,,,,,,,,,,,,,,,,
Seychelles,,,,,,,,,,,,,,,,,,,,,,,,,,,,,,,,
Syrian Arab Republic,7.0,0.542,0.543,0.549,0.547,0.55,0.554,0.558,0.563,0.562,0.563,0.565,0.57,0.583,0.591,0.601,0.618,0.629,0.634,0.628,0.635,0.637,0.663,0.63,0.559,0.541,0.544,0.548,0.558,0.567,0.571,0.565
Chad,1.0,,,,,,,,,,,0.282,0.292,0.297,0.296,0.315,0.318,0.317,0.327,0.33,0.343,0.35,0.36,0.368,0.373,0.379,0.374,0.376,0.377,0.383,0.387,0.382
Togo,4.0,0.399,0.405,0.397,0.389,0.396,0.41,0.418,0.428,0.43,0.434,0.433,0.439,0.444,0.45,0.449,0.449,0.455,0.448,0.454,0.463,0.467,0.474,0.477,0.488,0.493,0.501,0.506,0.513,0.517,0.524,0.524
Thailand,24.0,0.552,0.558,0.566,0.573,0.579,0.581,0.586,0.595,0.609,0.615,0.62,0.629,0.638,0.646,0.651,0.66,0.665,0.675,0.677,0.68,0.682,0.684,0.685,0.683,0.715,0.719,0.724,0.727,0.73,0.737,0.737
Tajikistan,24.0,,0.606,0.554,0.528,0.538,0.538,0.524,0.535,0.541,0.548,0.555,0.563,0.572,0.586,0.597,0.604,0.613,0.616,0.628,0.623,0.626,0.623,0.63,0.643,0.639,0.64,0.641,0.644,0.649,0.653,0.641
Turkmenistan,-20.0,,,,,,,,,,,,,,,,0.585,0.6,0.604,0.611,0.628,0.634,0.637,0.638,0.638,0.639,0.643,0.648,0.649,0.636,0.627,0.628
Timor-Leste,,,,,,,,,,,,,,,,,,,,,,,,,,,,,,,,
Tonga,,,,,,,,,,,,,,,,,,,,,,,,,,,,,,,,
Trinidad and Tobago,,,,,,,,,,,,,,,,,,,,,,,,,,,,,,,,
Tunisia,21.0,0.551,0.554,0.56,0.565,0.575,0.583,0.59,0.598,0.607,0.615,0.619,0.624,0.63,0.637,0.644,0.654,0.661,0.664,0.666,0.669,0.671,0.676,0.68,0.682,0.684,0.685,0.688,0.692,0.698,0.699,0.693
Turkey,14.0,0.563,0.563,0.569,0.572,0.579,0.581,0.587,0.592,0.601,0.608,0.62,0.632,0.64,0.643,0.645,0.641,0.645,0.642,0.648,0.66,0.67,0.672,0.681,0.706,0.715,0.719,0.73,0.737,0.74,0.744,0.737
Tuvalu,,,,,,,,,,,,,,,,,,,,,,,,,,,,,,,,
Tanzania,8.0,0.367,0.367,0.365,0.366,0.366,0.367,0.369,0.37,0.377,0.386,0.395,0.403,0.412,0.422,0.432,0.442,0.452,0.461,0.469,0.478,0.489,0.494,0.499,0.505,0.51,0.515,0.519,0.523,0.533,0.543,0.543
Uganda,5.0,0.325,0.328,0.322,0.328,0.332,0.338,0.35,0.36,0.368,0.38,0.39,0.4,0.412,0.424,0.439,0.449,0.461,0.471,0.479,0.489,0.497,0.501,0.498,0.504,0.506,0.511,0.514,0.515,0.517,0.52,0.519
Ukraine,11.0,,0.642,0.626,0.621,0.621,0.621,0.629,0.633,0.644,0.652,0.656,0.665,0.673,0.681,0.687,0.688,0.691,0.691,0.691,0.703,0.7,0.697,0.702,0.7,0.707,0.712,0.711,0.714,0.712,0.713,0.704
Uruguay,15.0,0.652,0.649,0.645,0.648,0.653,0.654,0.642,0.631,0.638,0.627,0.634,0.649,0.664,0.684,0.664,0.637,0.632,0.633,0.623,0.634,0.641,0.638,0.639,0.643,0.711,0.713,0.72,0.724,0.735,0.743,0.744
United States,-36.0,0.628,0.636,0.635,0.632,0.626,0.63,0.624,0.622,0.615,0.613,0.611,0.617,0.619,0.621,0.613,0.604,0.614,0.623,0.64,0.667,0.668,0.675,0.681,0.682,0.682,0.687,0.693,0.695,0.69,0.694,0.698
Uzbekistan,25.0,,,,,,,,,,,0.572,0.578,0.584,0.59,0.596,0.604,0.607,0.619,0.621,0.629,0.639,0.643,0.649,0.654,0.659,0.664,0.669,0.677,0.681,0.687,0.683
Saint Vincent and the Grenadines,,,,,,,,,,,,,,,,,,,,,,,,,,,,,,,,
Venezuela,9.0,0.608,0.616,0.616,0.616,0.616,0.615,0.623,0.624,0.618,0.612,0.623,0.621,0.632,0.634,0.651,0.658,0.674,0.68,0.686,0.672,0.668,0.679,0.671,0.667,0.669,0.64,0.671,0.659,0.682,0.671,0.649
Viet Nam,17.0,0.476,0.487,0.497,0.508,0.518,0.53,0.541,0.549,0.557,0.566,0.575,0.583,0.588,0.593,0.6,0.605,0.612,0.618,0.622,0.624,0.629,0.633,0.638,0.643,0.64,0.642,0.652,0.655,0.659,0.661,0.668
Vanuatu,,,,,,,,,,,,,,,,,,,,,,,,,,,,,,,,
Samoa,,,,,,,,,,,,,,,,,,,,,,,,,,,,,,,,
Yemen,1.0,0.375,0.379,0.383,0.39,0.391,0.401,0.411,0.419,0.426,0.432,0.441,0.45,0.457,0.465,0.471,0.476,0.48,0.484,0.487,0.491,0.497,0.498,0.5,0.501,0.493,0.468,0.458,0.451,0.452,0.454,0.453
South Africa,6.0,0.56,0.566,0.581,0.583,0.577,0.58,0.578,0.579,0.575,0.566,0.563,0.568,0.564,0.553,0.549,0.565,0.569,0.575,0.581,0.59,0.599,0.609,0.621,0.627,0.638,0.647,0.65,0.651,0.658,0.667,0.661
Zambia,7.0,0.405,0.402,0.402,0.406,0.404,0.405,0.405,0.405,0.405,0.407,0.413,0.419,0.428,0.44,0.451,0.465,0.475,0.487,0.499,0.511,0.521,0.524,0.535,0.541,0.546,0.552,0.554,0.558,0.563,0.567,0.562
Zimbabwe,10.0,0.493,0.497,0.484,0.478,0.472,0.465,0.463,0.459,0.457,0.448,0.444,0.432,0.442,0.43,0.438,0.44,0.444,0.446,0.447,0.478,0.5,0.525,0.546,0.556,0.564,0.571,0.578,0.585,0.593,0.594,0.594
